{
  "voiceline_id": "patron_female_ally_dynamo_start_03",
  "timestamp": "2025-03-12T03:49:49.685869",
  "segments": [
    {
      "start": 0.0,
      "end": 4.71999979019165,
      "text": " Your wife seeks to embrace flesh, not steel.",
      "part": 1
    },
    {
      "start": 4.71999979019165,
      "end": 6.71999979019165,
      "text": " Don't fail her.",
      "part": 2
    },
    {
      "start": 6.71999979019165,
      "end": 9.220000267028809,
      "text": " Don't fail yourself.",
      "part": 3
    },
    {
      "start": 9.220000267028809,
      "end": 12.020000457763672,
      "text": " Complete the ritual.",
      "part": 4
    }
  ]
}